Condition,Probabilities
proba_Load | Load ,0.6186404987801468
proba_Driving | Load ,0.3756155763180448
proba_Dump | Load ,0.00574392490180828
proba_Load | Driving ,0.002223726067915932
proba_Driving | Driving ,0.9947507580972491
proba_Dump | Driving ,0.0030255158348348908
proba_Load | Dump ,0.03115258692581724
proba_Driving | Dump ,0.5090328189311584
proba_Dump | Dump ,0.45981459414302434
