Condition,Probabilities
proba_Load | Load ,0.7464181689768515
proba_Driving | Load ,0.23448827696293953
proba_Dump | Load ,0.019093554060208788
proba_Load | Driving ,0.005745257734664216
proba_Driving | Driving ,0.9829092588002534
proba_Dump | Driving ,0.011345483465082377
proba_Load | Dump ,0.026374718090566743
proba_Driving | Dump ,0.4125568588256569
proba_Dump | Dump ,0.5610684230837762
